<?xml version="1.0" encoding="UTF-8"?>
<University xmlns:xsi="http://www.w3.org/2001/XMLSchema-instance"
  xsi:noNamespaceSchemaLocation="University.xsd">
  
  <Instructors>
    <Instructor>
      <InstructorId>1</InstructorId>
      <Name>John Smith</Name>
      <Designation>Professor</Designation>
    </Instructor>
    <Instructor>
      <InstructorId>2</InstructorId>
      <Name>Jane Doe</Name>
      <Designation>Associate Professor</Designation>
    </Instructor>
    <Instructor>
      <InstructorId>3</InstructorId>
      <Name>Robert Brown</Name>
      <Designation>Assistant Professor</Designation>
    </Instructor>
    <Instructor>
      <InstructorId>4</InstructorId>
      <Name>Emily Clark</Name>
      <Designation>Lecturer</Designation>
    </Instructor>
    <Instructor>
      <InstructorId>5</InstructorId>
      <Name>Michael Johnson</Name>
      <Designation>Professor</Designation>
    </Instructor>
    <Instructor>
      <InstructorId>6</InstructorId>
      <Name>Olivia Green</Name>
      <Designation>Lecturer</Designation>
    </Instructor>
    <Instructor>
      <InstructorId>7</InstructorId>
      <Name>Lucas White</Name>
      <Designation>Lecturer</Designation>
    </Instructor>
    <Instructor>
      <InstructorId>8</InstructorId>
      <Name>Emma Brown</Name>
      <Designation>Professor</Designation>
    </Instructor>
    <Instructor>
      <InstructorId>9</InstructorId>
      <Name>Henry Williams</Name>
      <Designation>Assistant Professor</Designation>
    </Instructor>
    <Instructor>
      <InstructorId>10</InstructorId>
      <Name>Sophia Lee</Name>
      <Designation>Lecturer</Designation>
    </Instructor>
  </Instructors>

  <Courses>
    <Course>
      <CourseId>C1</CourseId>
      <CourseName>Data Structures</CourseName>
      <CreditHrs>3</CreditHrs>
      <ContactHrs>4</ContactHrs>
      <Instructor>
        <InstructorId>1</InstructorId>
      </Instructor>
      <RegisteredStudents>
        <StudentId>101</StudentId>
        <StudentId>102</StudentId>
      </RegisteredStudents>
    </Course>
    <Course>
      <CourseId>C2</CourseId>
      <CourseName>Algorithms</CourseName>
      <Instructor>
        <InstructorId>2</InstructorId>
      </Instructor>
      <RegisteredStudents>
        <StudentId>101</StudentId>
        <StudentId>103</StudentId>
      </RegisteredStudents>
    </Course>
    <Course>
      <CourseId>C3</CourseId>
      <CourseName>Operating Systems</CourseName>
      <Instructor>
        <InstructorId>3</InstructorId>
      </Instructor>
      <RegisteredStudents>
        <StudentId>104</StudentId>
        <StudentId>105</StudentId>
      </RegisteredStudents>
    </Course>
    <Course>
      <CourseId>C4</CourseId>
      <CourseName>Compiler Design</CourseName>
      <Instructor>
        <InstructorId>4</InstructorId>
      </Instructor>
      <RegisteredStudents>
        <StudentId>106</StudentId>
        <StudentId>107</StudentId>
      </RegisteredStudents>
    </Course>
    <Course>
      <CourseId>C5</CourseId>
      <CourseName>Database Systems</CourseName>
      <Instructor>
        <InstructorId>5</InstructorId>
      </Instructor>
      <RegisteredStudents>
        <StudentId>108</StudentId>
        <StudentId>109</StudentId>
      </RegisteredStudents>
    </Course>
    <Course>
      <CourseId>C6</CourseId>
      <CourseName>Software Engineering</CourseName>
      <Instructor>
        <InstructorId>6</InstructorId>
      </Instructor>
      <RegisteredStudents>
        <StudentId>101</StudentId>
        <StudentId>110</StudentId>
      </RegisteredStudents>
    </Course>
    <Course>
      <CourseId>C7</CourseId>
      <CourseName>Software Testing</CourseName>
      <Instructor>
        <InstructorId>7</InstructorId>
      </Instructor>
      <RegisteredStudents>
        <StudentId>102</StudentId>
        <StudentId>103</StudentId>
      </RegisteredStudents>
    </Course>
    <Course>
      <CourseId>C8</CourseId>
      <CourseName>Human-Computer Interaction</CourseName>
      <Instructor>
        <InstructorId>8</InstructorId>
      </Instructor>
      <RegisteredStudents>
        <StudentId>104</StudentId>
        <StudentId>105</StudentId>
      </RegisteredStudents>
    </Course>
    <Course>
      <CourseId>C9</CourseId>
      <CourseName>Machine Learning</CourseName>
      <Instructor>
        <InstructorId>9</InstructorId>
      </Instructor>
      <RegisteredStudents>
        <StudentId>106</StudentId>
        <StudentId>107</StudentId>
      </RegisteredStudents>
    </Course>
    <Course>
      <CourseId>C10</CourseId>
      <CourseName>Artificial Intelligence</CourseName>
      <Instructor>
        <InstructorId>10</InstructorId>
      </Instructor>
      <RegisteredStudents>
        <StudentId>108</StudentId>
        <StudentId>109</StudentId>
      </RegisteredStudents>
    </Course>
    <Course>
      <CourseId>C11</CourseId>
      <CourseName>Web Development</CourseName>
      <Instructor>
        <InstructorId>1</InstructorId>
      </Instructor>
      <RegisteredStudents>
        <StudentId>110</StudentId>
        <StudentId>101</StudentId>
      </RegisteredStudents>
    </Course>
    <Course>
      <CourseId>C12</CourseId>
      <CourseName>Cyber Security</CourseName>
      <Instructor>
        <InstructorId>2</InstructorId>
      </Instructor>
      <RegisteredStudents>
        <StudentId>102</StudentId>
        <StudentId>103</StudentId>
      </RegisteredStudents>
    </Course>
    <Course>
      <CourseId>C13</CourseId>
      <CourseName>Data Science</CourseName>
      <Instructor>
        <InstructorId>3</InstructorId>
      </Instructor>
      <RegisteredStudents>
        <StudentId>104</StudentId>
        <StudentId>105</StudentId>
      </RegisteredStudents>
    </Course>
    <Course>
      <CourseId>C14</CourseId>
      <CourseName>Game Development</CourseName>
      <Instructor>
        <InstructorId>4</InstructorId>
      </Instructor>
      <RegisteredStudents>
        <StudentId>106</StudentId>
        <StudentId>107</StudentId>
      </RegisteredStudents>
    </Course>
    <Course>
      <CourseId>C15</CourseId>
      <CourseName>Robotics</CourseName>
      <Instructor>
        <InstructorId>5</InstructorId>
      </Instructor>
      <RegisteredStudents>
        <StudentId>108</StudentId>
        <StudentId>109</StudentId>
      </RegisteredStudents>
    </Course>
  </Courses>

  <Students>
    <Student>
      <RegistrationNumber>101</RegistrationNumber>
      <Name>Ali Anwar</Name>
      <Address>
        <City>New York</City>
      </Address>
      <GPA>3.5</GPA>
      <RegisteredCourses>
        <CourseId>C1</CourseId>
        <CourseId>C2</CourseId>
        <CourseId>C6</CourseId>
      </RegisteredCourses>
    </Student>
    <Student>
      <RegistrationNumber>102</RegistrationNumber>
      <Name>Ahmad Ali</Name>
      <Address>
        <City>Chicago</City>
      </Address>
      <GPA>3.8</GPA>
      <RegisteredCourses>
        <CourseId>C1</CourseId>
        <CourseId>C7</CourseId>
        <CourseId>C12</CourseId>
      </RegisteredCourses>
    </Student>
    <Student>
      <RegistrationNumber>103</RegistrationNumber>
      <Name>Anwar Waqas</Name>
      <Address>
        <ZipCode>50401</ZipCode>
      </Address>
      <GPA>3.9</GPA>
      <RegisteredCourses>
        <CourseId>C2</CourseId>
        <CourseId>C7</CourseId>
        <CourseId>C12</CourseId>
      </RegisteredCourses>
    </Student>
    <Student>
      <RegistrationNumber>104</RegistrationNumber>
      <Name>Fatima Ahmad</Name>
      <GPA>3.7</GPA>
      <RegisteredCourses>
        <CourseId>C3</CourseId>
        <CourseId>C8</CourseId>
        <CourseId>C13</CourseId>
      </RegisteredCourses>
    </Student>
    <Student>
      <RegistrationNumber>105</RegistrationNumber>
      <Name>Sara Ahmad</Name>
      <Address>
        <City>Phoenix</City>
      </Address>
      <GPA>3.6</GPA>
      <RegisteredCourses>
        <CourseId>C3</CourseId>
        <CourseId>C8</CourseId>
        <CourseId>C13</CourseId>
      </RegisteredCourses>
    </Student>
    <Student>
      <RegistrationNumber>106</RegistrationNumber>
      <Name>Mahnoor Ali</Name>
      <Address>
        <City>Los Angeles</City>
      </Address>
      <GPA>3.2</GPA>
      <RegisteredCourses>
        <CourseId>C4</CourseId>
        <CourseId>C9</CourseId>
        <CourseId>C14</CourseId>
      </RegisteredCourses>
    </Student>
    <Student>
      <RegistrationNumber>107</RegistrationNumber>
      <Name>Mahrukh Anwar</Name>
      <Address>
        <City>San Francisco</City>
      </Address>
      <GPA>3.4</GPA>
      <RegisteredCourses>
        <CourseId>C4</CourseId>
        <CourseId>C9</CourseId>
        <CourseId>C14</CourseId>
      </RegisteredCourses>
    </Student>
    <Student>
      <RegistrationNumber>108</RegistrationNumber>
      <Name>Omer Ahmad</Name>
      <Address>
        <ZipCode>10002</ZipCode>
      </Address>
      <GPA>3.6</GPA>
      <RegisteredCourses>
        <CourseId>C5</CourseId>
        <CourseId>C10</CourseId>
        <CourseId>C15</CourseId>
      </RegisteredCourses>
    </Student>
    <Student>
      <RegistrationNumber>109</RegistrationNumber>
      <Name>Waqas Rashid</Name>
      <Address>
        <District>District 1</District>
      </Address>
      <GPA>3.7</GPA>
      <RegisteredCourses>
        <CourseId>C5</CourseId>
        <CourseId>C10</CourseId>
        <CourseId>C15</CourseId>
      </RegisteredCourses>
    </Student>
    <Student>
      <RegistrationNumber>110</RegistrationNumber>
      <Name>Mahnoor Ahmad</Name>
      <GPA>3.5</GPA>
      <RegisteredCourses>
        <CourseId>C6</CourseId>
        <CourseId>C11</CourseId>
      </RegisteredCourses>
    </Student>
  </Students>

</University>
