<?xml version="1.0" encoding="UTF-8"?>
<!DOCTYPE University SYSTEM "University.dtd">
<University>
    <Instructors>
        <Instructor>
            <InstructorId>1</InstructorId>
            <Name>John Smith</Name>
            <Designation>Professor</Designation>
        </Instructor>
        <Instructor>
            <InstructorId>2</InstructorId>
            <Name>Jane Doe</Name>
            <!-- Designation is nullable -->
        </Instructor>
        <Instructor>
            <InstructorId>3</InstructorId>
            <Name>Robert Brown</Name>
            <Designation>Assistant Professor</Designation>
        </Instructor>
        <Instructor>
            <InstructorId>4</InstructorId>
            <Name>Emily Clark</Name>
            <Designation>Lecturer</Designation>
        </Instructor>
        <Instructor>
            <InstructorId>5</InstructorId>
            <Name>Michael Johnson</Name>
            <Designation>Professor</Designation>
        </Instructor>
    </Instructors>

    <Courses>
        <Course>
            <CourseId>C1</CourseId>
            <CourseName>Data Structures</CourseName>
            <CreditHrs>3</CreditHrs>
            <ContactHrs>4</ContactHrs>
            <Instructor>
                <InstructorId>1</InstructorId>
            </Instructor>
            <RegisteredStudents>
                <StudentId>101</StudentId>
                <StudentId>102</StudentId>
            </RegisteredStudents>
        </Course>
        
        <Course>
            <CourseId>C2</CourseId>
            <CourseName>Algorithms</CourseName>
            <Instructor>
                <InstructorId>2</InstructorId>
            </Instructor>
            <RegisteredStudents>
                <StudentId>101</StudentId>
                <StudentId>103</StudentId>
            </RegisteredStudents>
        </Course>
        
        <Course>
            <CourseId>C3</CourseId>
            <CourseName>Operating Systems</CourseName>
            <CreditHrs>3</CreditHrs>
            <!-- Contact hours can be nullable -->
            <Instructor>
                <InstructorId>3</InstructorId>
            </Instructor>
            <RegisteredStudents>
                <StudentId>104</StudentId>
            </RegisteredStudents>
        </Course>
        
        <Course>
            <CourseId>C4</CourseId>
            <CourseName>Database Systems</CourseName>
            <Instructor>
                <InstructorId>4</InstructorId>
            </Instructor>
            <RegisteredStudents>
                <StudentId>105</StudentId>
            </RegisteredStudents>
        </Course>
        
        <Course>
            <CourseId>C5</CourseId>
            <CourseName>Software Engineering</CourseName>
            <CreditHrs>3</CreditHrs>
            <ContactHrs>4</ContactHrs>
            <Instructor>
                <InstructorId>5</InstructorId>
            </Instructor>
            <RegisteredStudents>
                <StudentId>103</StudentId>
                <StudentId>104</StudentId>
            </RegisteredStudents>
        </Course>
        
        <Course>
            <CourseId>C6</CourseId>
            <CourseName>Networks</CourseName>
            <Instructor>
                <InstructorId>1</InstructorId>
            </Instructor>
            <RegisteredStudents>
                <StudentId>101</StudentId>
                <StudentId>105</StudentId>
            </RegisteredStudents>
        </Course>
        
        <Course>
            <CourseId>C7</CourseId>
            <CourseName>Compiler Design</CourseName>
            <Instructor>
                <InstructorId>2</InstructorId>
            </Instructor>
            <RegisteredStudents>
                <StudentId>102</StudentId>
                <StudentId>104</StudentId>
            </RegisteredStudents>
        </Course>
        
        <Course>
            <CourseId>C8</CourseId>
            <CourseName>Computer Architecture</CourseName>
            <Instructor>
                <InstructorId>3</InstructorId>
            </Instructor>
            <RegisteredStudents>
                <StudentId>103</StudentId>
                <StudentId>105</StudentId>
            </RegisteredStudents>
        </Course>
        
        <Course>
            <CourseId>C9</CourseId>
            <CourseName>Software Testing</CourseName>
            <Instructor>
                <InstructorId>4</InstructorId>
            </Instructor>
            <RegisteredStudents>
                <StudentId>101</StudentId>
                <StudentId>104</StudentId>
            </RegisteredStudents>
        </Course>
        
        <Course>
            <CourseId>C10</CourseId>
            <CourseName>Human-Computer Interaction</CourseName>
            <Instructor>
                <InstructorId>5</InstructorId>
            </Instructor>
            <RegisteredStudents>
                <StudentId>102</StudentId>
                <StudentId>105</StudentId>
            </RegisteredStudents>
        </Course>
    </Courses>

    <Students>
        <Student>
            <RegistrationNumber>101</RegistrationNumber>
            <Name>Maryam</Name>
            <Address>
                <City>New York</City>
            </Address>
            <GPA>3.5</GPA>
            <RegisteredCourses>
                <CourseId>C1</CourseId>
                <CourseId>C2</CourseId>
                <CourseId>C6</CourseId>
            </RegisteredCourses>
        </Student>

        <Student>
            <RegistrationNumber>102</RegistrationNumber>
            <Name>Ahmad</Name>
            <Address>
                <City>Chicago</City>
            </Address>
            <GPA>3.8</GPA>
            <RegisteredCourses>
                <CourseId>C1</CourseId>
                <CourseId>C7</CourseId>
                <CourseId>C10</CourseId>
            </RegisteredCourses>
        </Student>

        <Student>
            <RegistrationNumber>103</RegistrationNumber>
            <Name>Ali</Name>
            <Address>
                <ZipCode>90001</ZipCode>
            </Address>
            <GPA>3.9</GPA>
            <RegisteredCourses>
                <CourseId>C2</CourseId>
                <CourseId>C5</CourseId>
                <CourseId>C8</CourseId>
            </RegisteredCourses>
        </Student>

        <Student>
            <RegistrationNumber>104</RegistrationNumber>
            <Name>Fatima</Name>
            <GPA>3.7</GPA>
            <RegisteredCourses>
                <CourseId>C3</CourseId>
                <CourseId>C5</CourseId>
                <CourseId>C7</CourseId>
            </RegisteredCourses>
        </Student>

        <Student>
            <RegistrationNumber>105</RegistrationNumber>
            <Name>Ruhab</Name>
            <Address>
                <City>Phoenix</City>
            </Address>
            <GPA>3.6</GPA>
            <RegisteredCourses>
                <CourseId>C4</CourseId>
                <CourseId>C8</CourseId>
                <CourseId>C10</CourseId>
            </RegisteredCourses>
        </Student>
    </Students>
</University>
